timestamp,x,y
1743428910607.0,500.25186495751217,500.018220018203
1743428910664.0,503.8591173009392,501.8664102228187
1743428910717.0,519.2414328328683,512.7732964990427
1743428910767.0,560.9710776621198,539.8019031113853
1743428910816.0,625.1314271236466,504.5272074998836
1743428910864.0,735.2212868616781,399.41306312915515
1743428910915.0,962.4238088990572,414.6240967498516
1743428910966.0,1026.8584462778551,452.4359872517871
1743428911015.0,1205.4452114698609,379.5159902811726
1743428911065.0,1282.9194074684353,415.53650278863944
1743428911114.0,1306.5964863695433,354.6632375922745
1743428911164.0,1350.2042184589977,138.7995270658495
1743428911214.0,1305.8447906485171,155.67522880316554
1743428911264.0,1211.0810249044714,6.547531350768992
1743428911314.0,1269.702850556146,39.19850411561647
1743428911363.0,1248.727644821053,-17.34204574236732
1743428911417.0,1178.8486681960264,-17.590231554718244
1743428911470.0,1120.8209179012226,-124.86357247789047
1743428911520.0,1124.6920625679275,-114.30244426540165
1743428911570.0,1078.4518947583758,-100.36360158677775
1743428911621.0,1091.010309995746,-76.22079810911684
1743428911671.0,1024.3214959270006,-59.331379031752775
1743428911727.0,1103.055493407365,-12.905516717684108
1743428911778.0,1036.849793420113,194.90945625442728
1743428911830.0,864.4525076904839,307.05810450940885
1743428911882.0,819.5509953311611,481.47771053818803
1743428911936.0,575.8503990847623,725.2082776027911
1743428911991.0,644.0675437862441,689.7941321511421
1743428912047.0,611.6538279779255,805.037841756371
1743428912107.0,679.4761740692585,749.3605741506095
1743428912162.0,705.1304823160979,594.1178142623135
1743428912217.0,634.9355924180094,628.6288305278747
1743428912277.0,689.3795233413306,707.9164130434555
1743428912333.0,684.1990411782384,753.637478493238
1743428912389.0,691.3422622808323,763.1059441843678
1743428912444.0,709.5918489996308,722.7068678277437
1743428912501.0,864.923151743665,710.757723168068
1743428912556.0,694.0027743398979,1038.5341958869885
1743428912612.0,710.7106847337218,1248.942779577269
1743428912668.0,559.0520994789695,1466.8352912654257
1743428912724.0,532.342437198089,1720.7846228771673
1743428912779.0,389.23534235900536,1494.613288557303
1743428912835.0,579.2640631572874,1591.6564506022776
1743428912890.0,511.09762892868764,1432.6551840765544
1743428912944.0,573.0515945894688,1343.768960846276
1743428912999.0,642.9655201704375,1310.6413530730886
1743428913051.0,527.7476104111136,1212.2285147766183
1743428913102.0,565.0555592269288,1060.2994903324698
1743428913153.0,547.7116531358338,1139.8499602932013
1743428913203.0,573.8768397414539,1029.5042048710118
1743428913252.0,616.2920746303311,1008.7773626625831
1743428913303.0,720.6372083902369,879.0618174507728
1743428913356.0,855.4110993570639,888.5144322727468
1743428913412.0,805.7669563517752,884.5721847623979
1743428913465.0,659.6973130782652,520.8275002090653
1743428913519.0,749.8172125872546,547.4525040263991
1743428913573.0,775.5859516280191,616.1066021504862
1743428913633.0,614.7563805187032,632.0651538443914
1743428913690.0,697.8715600414126,676.11229228834
1743428913747.0,671.7523184238977,583.905142218189
1743428913806.0,801.6331197042806,811.1062726598835
1743428913867.0,538.7951531442272,559.85377941001
1743428913923.0,475.6378131011577,437.4191114404429
1743428913983.0,409.7863417380841,449.5273835258326
1743428914043.0,560.0530841399509,545.0734795211112
1743428914101.0,687.8705030791555,569.2282032108153
1743428914161.0,812.298165675613,642.4639749293723
1743428914221.0,724.7869846833264,528.4957979330086
1743428914282.0,561.4850797173839,770.0900485296577
1743428914342.0,576.2676117054918,827.2536074566834
1743428914401.0,637.3091531254466,959.6204218768702
1743428914460.0,664.1558940615605,1060.3339534356621
1743428914517.0,661.515348715958,1001.2542474186698
1743428914575.0,773.3890011801618,1084.119459479502
1743428914635.0,808.4210856301474,932.5450045311303
1743428914695.0,852.7223808276668,902.8063737681232
1743428914756.0,810.6878155393472,868.9569322471227
1743428914816.0,532.3557967683375,1076.5348360053815
1743428914876.0,637.4253042396929,673.1846358980131
1743428914935.0,575.5808804356068,778.4647620806833
1743428914995.0,582.6211273988241,577.5672072633315
1743428915055.0,381.36976191216877,695.3356737723723
1743428915113.0,531.6006516382274,671.2936281430794
1743428915171.0,597.491041188968,904.0367493887783
1743428915229.0,572.2097336000483,732.0104330254363
1743428915290.0,548.4466680174496,914.6499165320856
1743428915350.0,287.43333528222166,1335.8104529541629
1743428915409.0,173.42526621866062,1235.6870059004802
1743428915467.0,319.5390331309006,865.4465494445801
1743428915527.0,375.95159911895917,577.222092765458
1743428915584.0,430.94432729946413,465.8651811465755
1743428915639.0,481.2496064710767,366.9118439934249
1743428915695.0,500.76837760850526,584.9266564833518
1743428915750.0,458.1463541439689,332.0687480067384
1743428915805.0,466.88768218043265,490.952383506146
1743428915861.0,506.7905366902359,676.8204440200019
1743428915917.0,534.0349235071784,673.6075973790886
1743428915976.0,657.956309384734,375.7388302120663
1743428916034.0,443.3853740411387,367.2314404128326
1743428916093.0,720.6605488662233,442.58222974508385
1743428916150.0,681.8046403699027,532.6581454919763
1743428916205.0,657.5245134304482,482.08653323853224
1743428916261.0,666.4994811233701,700.3382065788536
1743428916319.0,705.8536206974442,278.725772797161
1743428916379.0,669.3376320600843,441.549431983608
1743428916438.0,590.1584518670645,577.1729093324311
1743428916497.0,580.8588768108544,549.8311649759115
1743428916553.0,631.1666209775168,434.5923319341899
1743428916610.0,622.3208503628642,462.5089121904793
1743428916668.0,600.7409628074798,486.42727339099287
1743428916725.0,576.1442327638579,542.3659772828889
1743428916787.0,567.1809302658661,520.0463345224388
1743428916846.0,609.848450956526,665.50559590717
1743428916908.0,557.2344339626108,599.9592492057149
1743428916966.0,543.2014396502813,602.8261411494656
1743428917023.0,662.079017280023,420.3853125111396
1743428917079.0,746.1917287629972,385.45619580808886
1743428917133.0,749.9286170066875,428.91414512323524
1743428917190.0,727.5578014096371,503.404898980398
1743428917246.0,788.0018426350665,533.5456594710722
1743428917305.0,755.715122042256,499.6538140647449
1743428917360.0,761.3176976739693,356.6575090984416
1743428917416.0,769.3993840289112,329.6513765012969
1743428917469.0,809.2795166955007,354.9745444060129
1743428917536.0,768.4156783943059,313.8912134128227
1743428917591.0,817.0295567648235,103.26065785113559
1743428917646.0,732.2284776307945,119.01570744804278
1743428917702.0,672.8074796283239,507.63972096645125
1743428917759.0,630.3377323338576,659.8995594010173
1743428917816.0,551.4330187686548,630.6951483880808
1743428917873.0,555.9492053364925,823.0291636490152
1743428917929.0,616.2288828638647,781.9949963948378
1743428917987.0,616.3668876793885,435.20830392691516
1743428918045.0,634.4176496863498,303.3863194712609
1743428918103.0,664.4129600340023,742.7554394124138
1743428918162.0,623.788343448888,762.2304260234981
1743428918220.0,519.9528778629829,438.2197370847389
1743428918279.0,773.4897545078309,212.76967224643147
1743428918338.0,797.7913008266878,266.15057900755994
1743428918398.0,858.1561530281642,458.499151277554
1743428918454.0,808.3252554525643,621.4407963281294
1743428918511.0,905.7464930285184,997.3756565424003
1743428918568.0,889.6555630016612,994.3899894262383
1743428918625.0,716.5452226603853,1151.2019293928633
1743428918681.0,603.3421501796848,1047.131858562997
1743428918736.0,593.5672305344331,965.2459212806106
1743428918792.0,685.0140296936135,969.9681453483338
1743428918850.0,641.8960737998777,880.1875799845628
1743428918905.0,774.8226118670341,664.9825255567428
1743428918968.0,500.5755640341685,867.0220580925032
1743428919024.0,584.6997390323504,971.8880376947116
1743428919082.0,515.043636521813,1060.9808713758657
1743428919138.0,492.76693321787735,975.6648917850575
1743428919194.0,476.36950294629514,972.0951905916772
1743428919251.0,415.234441484163,1006.5351412310504
1743428919307.0,324.33868023951544,999.0245933303783
1743428919364.0,415.05226887771175,1165.918350186774
1743428919422.0,474.60594868101197,1140.9641774512777
1743428919480.0,573.2923778447399,897.4458086157808
1743428919538.0,629.6033557407795,771.9820761773598
1743428919597.0,523.0122349061015,769.7698872645512
1743428919653.0,568.7175413817552,711.1590157145613
1743428919714.0,590.7703911597838,413.58092082144805
1743428919773.0,657.0809575135369,446.5417668428688
1743428919833.0,758.8981551425156,201.75337233244215
1743428919892.0,695.1842158788938,283.3675778476349
1743428919950.0,575.6858835194099,119.31246401694443
1743428920010.0,645.1150662461649,258.6862329896915
1743428920069.0,719.8713522632115,347.09896454025
1743428920128.0,773.5558312691008,529.6288971139863
1743428920187.0,871.5065002837856,565.1220247851525
1743428920246.0,857.7990796702718,395.98393338428275
1743428920305.0,978.9975703215632,462.8205945901799
1743428920364.0,852.4022746250325,686.7378448961706
1743428920424.0,842.029068802415,820.3296988858931
1743428920483.0,892.7204162378202,886.6500224843943
1743428920542.0,1016.9590690164102,875.4757330452657
1743428920600.0,1045.2351921103445,1093.0650947969857
1743428920660.0,954.0114157008785,1018.0349577490186
1743428920715.0,892.1589814289259,1256.8540882581362
1743428920777.0,906.5794795282732,1252.9431103987167
1743428920837.0,882.1703384980764,1232.8445315582414
1743428920896.0,782.9381872424077,560.9256536303333
1743428920953.0,715.071620699621,403.6436050785433
1743428921014.0,773.957250438498,-87.01553578572236
1743428921073.0,679.7593876650113,29.682432171266697
1743428921133.0,529.4203638171768,75.87721236822495
1743428921191.0,375.957217477697,247.59790547974285
1743428921250.0,395.7758326495166,320.47531009706455
1743428921310.0,470.02942418778434,-87.72602290347851
1743428921370.0,575.345356341349,132.2822236809251
1743428921429.0,583.566993417259,248.21801006093574
1743428921490.0,624.4942682634965,260.6515590681774
1743428921548.0,630.9097892969464,405.79818928310533
1743428921606.0,785.6900786847326,495.83913806697126
1743428921666.0,744.0533003131071,720.1684195168185
1743428921725.0,845.0992782756473,382.38638546195085
1743428921780.0,712.8780182395876,145.4959017420337
1743428921837.0,736.3299114397144,118.8174085998157
1743428921897.0,612.9475660860837,-36.930238658646516
1743428921953.0,631.1109319082444,38.42867086907535
1743428922016.0,588.5918888145029,435.79027650225567
1743428922076.0,619.0662935273144,717.839087217627
1743428922134.0,568.2204262881668,801.3660003013537
1743428922191.0,561.8772587816766,548.2941505884412
1743428922248.0,484.44666187637335,359.80897249111365
1743428922303.0,459.53180726589386,509.1383379553873
1743428922363.0,534.5373900807879,172.12582875344094
1743428922419.0,485.40814038899595,535.2519209338943
1743428922479.0,535.6044880545873,449.4409491176395
1743428922538.0,710.192192461206,61.29951303198857
1743428922596.0,729.538256468557,307.06183090423957
1743428922655.0,729.5714094766345,137.81449449708475
1743428922714.0,666.1337129294519,364.99835917120475
1743428922774.0,768.9670837039984,220.2600456281043
1743428922834.0,604.1486671801728,613.4192539353774
1743428922892.0,698.2945888605236,487.2688014989782
1743428922949.0,803.987480394939,157.1857011053255
1743428923006.0,859.9398536701891,59.187209817821696
1743428923064.0,976.6493356649094,-225.57669630372516
1743428923121.0,1179.2577371712182,-499.7208074056415
1743428923182.0,1052.942266420183,-299.32393038714184
1743428923241.0,986.3656285661514,-45.31222672023813
1743428923297.0,883.7898575316622,251.65171759296334
1743428923354.0,900.4981433182744,502.56342411619903
1743428923412.0,936.4236712644711,520.0894350115138
1743428923471.0,912.2797300440931,494.6572248140084
1743428923535.0,900.4021633688224,320.4584391970543
1743428923592.0,946.6284753943535,373.76347061090286
1743428923660.0,922.3872179515588,533.3674567889008
1743428923720.0,895.8561302169802,770.6020049860751
1743428923779.0,888.0859398965455,670.7383322390325
1743428923837.0,681.6339644555301,945.2398832153841
1743428923902.0,666.5386430636046,952.2286428403552
1743428923962.0,706.8604143623493,810.3568992925951
1743428924019.0,501.3775844001757,1011.6533199423748
1743428924076.0,403.48429705586966,953.361867190166
1743428924131.0,473.21851037454127,795.9296697277227
1743428924185.0,389.4992341003951,1044.1037096279267
1743428924244.0,386.5234797083448,1029.860288774297
1743428924303.0,621.8001808242993,824.4156046559419
1743428924363.0,718.6767898484142,816.3248211261271
1743428924423.0,684.6501301388973,927.26763606388
1743428924484.0,890.0559145129499,613.4972058292888
1743428924541.0,1105.1517840132528,331.2414909895848
1743428924599.0,785.4983750574338,680.7316217775709
1743428924656.0,850.7980024364501,994.8874075172462
1743428924712.0,995.4694832142648,921.4412058757837
1743428924768.0,1003.2776857833761,808.5570280690811
1743428924828.0,976.3251531519079,728.4796915894708
1743428924882.0,1069.4834275668431,716.2990740357477
1743428924936.0,1192.714883675794,550.7268334138836
1743428924992.0,1149.5206441528526,555.0109735785337
1743428925051.0,1082.156532493071,508.45888114599575
1743428925109.0,1122.9729340889385,423.2908328292253
1743428925166.0,1111.4124336301618,637.4864924713794
1743428925221.0,1023.0129849240151,791.7079891476706
1743428925282.0,964.862357659262,607.2152073600901
1743428925342.0,1146.9855357145639,652.4851724824649
1743428925402.0,1182.593447533502,679.6106722893325
1743428925461.0,1057.4525603080965,712.3877808634926
1743428925520.0,905.8579385944151,786.9315726637661
1743428925580.0,775.3722457225809,684.4917458545807
1743428925639.0,964.2961011638973,641.6939186418685
1743428925698.0,1149.9224221009274,450.6335874764582
1743428925757.0,1057.2162522947744,314.59358914709964
1743428927281.0,1156.0157227272682,215.88654371531786
1743428927339.0,1160.2193913571668,107.71203516812545
1743428927396.0,1249.4311127170774,281.5247986238823
1743428927454.0,1047.1215540515036,172.1944574838485
1743428927516.0,949.910543749175,368.80304517567123
1743428927577.0,1160.570202523579,358.877890199596
1743428927636.0,1049.5248543994887,366.4422457542513
1743428927696.0,999.2545345481788,429.0013537904205
1743428927757.0,813.8145054577249,254.63471071245715
1743428927818.0,968.347857360555,636.4872000237746
1743428927879.0,923.5736520581132,661.6718882268675
1743428927942.0,954.239865073687,780.4250757427342
1743428928003.0,876.3884408153615,559.158937587544
1743428928064.0,815.9831838828014,375.42386858463124
1743428928124.0,754.0693869371734,211.9580370276086
1743428928186.0,759.1187492301756,304.27601491587643
1743428928247.0,406.62994346587783,-251.17055072095297
1743428928309.0,442.40501464384715,69.22919156497528
1743428928369.0,409.67537082583124,-40.067902507741536
1743428928427.0,249.5841133738009,493.9642212694698
1743428928485.0,297.23174304260675,628.8833261963026
1743428928545.0,223.06980199074627,1077.0849880317303
1743428928604.0,90.74248209626677,1222.554759502849
1743428928663.0,31.30754825235345,1529.0455443796686
1743428928723.0,73.3491492463491,1532.1722526604115
1743428928783.0,142.11084801040556,1594.0612695841169
1743428928841.0,193.28430820108053,1945.7199862259258
1743428928899.0,304.1884883209599,2424.901282003213
1743428928955.0,395.63124149245493,2169.6536634752692
1743428929011.0,799.9363508178556,2143.0004364632446
1743428929069.0,1096.48281537647,2195.1174300920047
1743428929124.0,1244.3114301707092,1196.4264466956856
1743428929179.0,1515.8159191697682,983.0842969029375
1743428929234.0,1578.2169867975804,511.624577749848
1743428929287.0,1675.326733122151,77.10062033582432
1743428929341.0,1837.7568441079707,-213.0291293488374
1743428929397.0,1594.778216394112,-300.69192257551947
1743428929450.0,1378.9187331173364,-185.76735506109975
1743428929504.0,1077.2292019756815,9.863568514462543
1743428929557.0,917.8730248721132,-224.11609493746565
1743428929620.0,846.6193485616222,-70.00266769444232
1743428929673.0,666.4993711737552,-74.81938909157091
1743428929726.0,562.3476131790488,68.38618692157178
1743428929783.0,512.2032118720997,-90.59395092947018
1743428929837.0,425.88956314344045,-135.39529537187346
1743428929891.0,551.8522255555054,-208.69010408752587
1743428929950.0,567.5122861791807,-75.19429975181691
1743428930003.0,674.5006060795961,-135.0657086600607
1743428930057.0,537.795993805407,208.61622928431098
1743428930114.0,397.8020356278703,553.3407446949559
1743428930171.0,471.7389571558813,368.64710218698576
1743428930228.0,694.3081573986744,252.23796405135218
1743428930288.0,513.5305817419567,153.77306294680244
1743428930347.0,512.4758899047099,-171.32034192458835
1743428930406.0,514.3023930991171,-29.991631340748683
1743428930464.0,564.5884651355201,-85.57185171323195
1743428930525.0,701.8161626515664,-82.81673140964723
1743428930586.0,674.9991453283732,224.7300928264267
1743428930647.0,434.62376243837593,-243.23696153043684
1743428930709.0,349.77144021055153,209.74804142898586
1743428930773.0,278.62187534939994,302.3815859319575
1743428930837.0,369.0138693298777,153.48657799669442
1743428930900.0,589.991108251544,47.33687670291097
1743428930962.0,548.8760693591776,307.8355570191045
1743428931022.0,610.896021845244,435.720114472199
1743428931085.0,836.1335337442426,368.85205708872303
1743428931147.0,806.852614222235,558.0261251942334
1743428931210.0,809.6975111833074,479.70672777001806
1743428931273.0,689.078015639243,591.1077062375927
1743428931336.0,620.0444052436312,576.2900274746623
1743428931395.0,464.98601824441675,773.478798959381
1743428931458.0,531.4925013280565,673.2123064094679
1743428931520.0,474.82959182945314,702.6273711649031
1743428931583.0,478.86402743177524,841.6044699140949
1743428931642.0,589.9394896188458,600.8950984934305
1743428931701.0,501.09406413978263,699.6706708714539
1743428931761.0,467.3314222039805,485.28914857663125
1743428931820.0,557.5929647750593,452.79170554201903
1743428931887.0,225.7736274913986,752.9374586734265
1743428931947.0,502.038524355027,1057.1517635390928
1743428932017.0,698.1079847819838,748.5772096003328
1743428932079.0,669.2244946433219,655.9276850655227
1743428932140.0,923.9771318293945,344.97960885879735
1743428932199.0,852.62992236597,230.82474019756938
1743428932257.0,1101.3053326935433,342.06001746124446
1743428932315.0,1012.2704133796026,-468.95266592003236
1743428932378.0,1008.9394346985373,-325.5493326714965
1743428932435.0,881.9673689305757,-338.6020504192203
1743428932492.0,953.5310536379154,-248.5820318664394
1743428932550.0,1032.813912104253,-504.62936283149475
1743428932613.0,1239.6300499995136,-325.1065620619551
1743428932676.0,1153.7053115128344,-29.352486320542425
1743428932737.0,993.9191736310947,0.18709959842290402
1743428932798.0,1125.7906362033716,190.38729891253195
1743428932860.0,1355.0028558330455,1384.0307807942293
1743428932921.0,1292.392973884932,1649.3655672216062
1743428932982.0,1258.5658654958888,1516.0487372789134
1743428933044.0,1176.6210149069755,1046.032631566871
1743428933107.0,1166.4839006614818,1075.417502855316
1743428933166.0,1088.6331518436893,1042.2617985238503
1743428933225.0,1047.53184788395,1039.0427255577265
1743428933288.0,1100.0966213492259,754.5741508566606
1743428933351.0,931.9020857799603,714.7735183848823
1743428933414.0,735.6729312349936,660.2273517488145
1743428933476.0,687.7755916317143,717.7255689978051
1743428933536.0,453.9866402249117,382.51765998685386
1743428933595.0,540.539333418583,280.90349158755066
1743428933654.0,440.280818550334,344.66156455305315
1743428935008.0,378.11137623429465,249.80278727289183
1743428935064.0,310.36671193786475,-40.16337767554475
1743428935126.0,-52.876701308802524,-132.64835730289946
1743428935186.0,-1101.9322515293932,-3221.7007639270964
1743428935246.0,-155.0622552343625,-3294.7206486376426
1743428935309.0,371.34909902644364,-2966.2717088370077
1743428935371.0,411.4565479199221,-2254.257078147946
1743428935436.0,674.2933773379893,-2392.588656843554
1743428935504.0,844.0033817458713,-1500.6659557494957
1743428935570.0,737.3515471205258,-845.1189365494271
1743428935634.0,772.8981184211503,-479.09533661520277
1743428935698.0,839.5154186922346,-249.6972759690354
1743428935762.0,866.0322303738914,67.09781892968388
1743428935825.0,892.6756976505549,178.47637520297903
1743428935887.0,893.1270360816733,406.97017243639766
1743428935949.0,826.3686925059915,593.8598229169368
1743428936011.0,762.3545335920376,630.0997833781994
1743428936074.0,791.9382715569532,664.6635914436421
1743428936134.0,694.4568028041554,760.0431488620299
1743428936196.0,753.205944323783,625.1317006736346
1743428936257.0,664.9896835405898,628.0271870935787
1743428936321.0,637.6361161553606,720.0682094177091
1743428936383.0,765.4040856649394,719.7370308758133
1743428936443.0,717.5498649826457,822.2394736517338
1743428936502.0,563.8383236233844,982.8605240216331
1743428936561.0,702.9630766657677,959.8566533544082
1743428936618.0,781.6511022513534,819.557299847195
1743428936676.0,948.8615925045005,1025.0045227053165
1743428936732.0,1001.5749025651091,1118.8205370616158
1743428936788.0,909.8585030388762,1610.077859054824
1743428936845.0,539.3668221770679,1262.1986153841456
1743428936902.0,621.4039755018586,1323.1663821165025
1743428936959.0,574.4083151746665,1118.7214386120288
1743428937016.0,499.4160022584069,824.9814901556615
1743428937073.0,588.9787301558531,544.5974443349498
1743428937128.0,788.6455545815346,707.2186105618133
1743428937189.0,817.0645441011288,397.4679012683143
1743428937248.0,889.1820913952008,589.9594460940164
1743428937309.0,950.1151585116113,522.3573355881825
1743428937370.0,858.274285379041,654.9787670496759
1743428937431.0,990.6406957832467,338.35262845438643
1743428937492.0,973.6308253941164,169.28712619221776
1743428937555.0,1010.5806862432115,181.84074917675554
1743428937617.0,961.2690900586304,307.4667825686096
1743428937677.0,863.280624880905,212.0808462713402
1743428937735.0,669.707357845829,179.25403998342156
1743428937795.0,571.8854968436774,212.952813979142
1743428937860.0,415.5338399241615,442.7924148611319
1743428937923.0,456.5782323410316,426.3971678416223
1743428937987.0,429.46155046854074,375.8288575273418
1743428938050.0,441.9084870082235,414.6841740125477
1743428938112.0,545.2877945201334,419.26935732604545
1743428938174.0,599.4305156333025,423.32578728197814
1743428938235.0,613.3356569592474,463.55205330798697
1743428938297.0,627.5050930598716,343.7165909517777
1743428938359.0,594.252647827246,262.29153682240633
1743428938419.0,645.0330244620062,223.02927826541276
1743428938479.0,655.8299719203545,325.50102717043933
1743428938542.0,760.757278844558,329.1744189502626
1743428938603.0,801.6554164275096,-6.628539878892411
1743428938667.0,769.6978406837851,85.45376025361873
1743428938730.0,786.4416384493275,121.06548219731994
1743428938791.0,796.0651798234678,168.7558993919862
1743428938854.0,801.7084578680195,134.49332746127232
1743428938913.0,745.4439256523143,145.07625225560705
1743428938973.0,601.6363478624489,225.3195215494533
1743428939033.0,641.0819390309704,268.8231678447381
1743428939096.0,593.0269824267559,384.5073477406063
1743428939159.0,608.0479140823985,462.19393465190365
1743428939220.0,569.7545539521491,505.5147112398857
1743428939282.0,548.4267850718046,574.7445099987116
1743428939343.0,612.3800322721503,551.7151068518197
1743428939406.0,726.6799824128394,458.05044286286943
1743428939468.0,700.2564621263276,608.2249327993271
1743428939532.0,717.3510074970736,544.8307932756901
1743428939595.0,604.6137666327963,481.7984161370813
1743428939660.0,668.9878089308439,439.28157675457874
1743428939720.0,735.4884458830959,415.05410659047595
1743428939780.0,607.0387563424061,441.4779691052603
1743428939842.0,685.5175780321978,410.317047663033
1743428939907.0,740.4799864380357,652.6441742967023
1743428939967.0,679.2155038656526,628.3436280172785
1743428940026.0,619.3090376877059,685.1834389656283
1743428940088.0,570.1638624664728,665.3937762367443
1743428940151.0,1017.7381594107374,601.3681849924665
1743428940214.0,943.935077782939,897.8642925339844
1743428940272.0,878.9501807334883,1038.2368147915645
1743428940332.0,828.3566539574022,1219.7783070762964
1743428940393.0,787.7750817374073,1153.205661182941
1743428941807.0,836.995144217733,697.0893095759616
1743428941867.0,565.3178627914981,837.3086313632491
1743428941931.0,518.9076350544275,872.6467688723894
1743428941995.0,781.2878542515068,795.7389666887158
1743428942058.0,835.0138399088235,769.2250505444597
1743428942122.0,791.1287469250308,586.5478633206745
1743428942186.0,683.9379097214036,515.715153746177
1743428942248.0,683.345203112607,458.4065900472351
1743428942311.0,697.8355419365248,452.7556652353824
1743428942375.0,758.7502700332197,280.64209840549836
1743428942439.0,773.153349066854,618.1148127197528
1743428942505.0,854.4700184255759,403.5802946337594
1743428942571.0,708.0101660209907,447.008609215265
1743428942637.0,735.4272878559236,334.42607752211285
1743428942704.0,706.667003711535,340.54708634138035
1743428942768.0,875.5892410122033,398.12479416347026
1743428942831.0,958.6115431679343,445.38921801145233
1743428942897.0,927.4395080197411,478.5270788647452
1743428942965.0,937.897554468941,507.25138639086884
1743428943030.0,942.117611300916,667.1531501694234
1743428943093.0,904.3049414112886,649.4080779205838
1743428943156.0,939.6307512840701,824.2929878900487
1743428943220.0,827.8891579321349,671.6638654411277
1743428943285.0,732.5333225817421,612.0349146622052
1743428943350.0,637.5088665823836,658.6206707617479
1743428943416.0,610.2307919971862,711.1724089843847
1743428943481.0,631.8717098062177,657.0951566383588
1743428943545.0,734.0298214002883,802.172960356223
1743428943608.0,766.3438087026494,714.4210086315104
1743428943671.0,578.3050109060443,824.4757055630924
1743428943734.0,659.3151269234368,614.4073850844753
1743428943798.0,612.898047601908,438.30067076453724
1743428943859.0,597.1391031380996,506.5142345378523
1743428943921.0,614.8521744426424,417.2284088308704
1743428943985.0,640.5989837396404,414.7631045140427
1743428944044.0,693.5421064602208,437.2832943678317
1743428944105.0,757.2057401205918,470.8834798790631
1743428944170.0,685.307717179573,475.12557557618555
1743428944235.0,711.5076669889542,555.8573274737682
1743428944301.0,695.0672549913589,493.8042717337105
1743428944368.0,676.7420759405218,550.6960522851084
1743428944434.0,726.5147214660047,602.7863320409633
1743428944501.0,653.6448704497225,609.9604614107625
1743428944565.0,665.1310666498024,549.0895591382646
1743428944633.0,661.7159873973815,558.9550648094162
1743428944699.0,759.7089397819601,651.3642107228076
1743428944764.0,716.4638596096472,637.6310375944203
1743428944831.0,725.74811076907,573.2202368658561
1743428944897.0,731.9379107551224,404.71409260911946
1743428944963.0,714.9850076374757,459.66255985792196
1743428945029.0,605.0453903386185,455.3636654750483
1743428945096.0,681.0319816138136,420.26805674983535
1743428945162.0,743.429086752002,502.5210355522946
1743428945226.0,680.4452855218215,501.70576663970115
1743428945288.0,735.665097141237,421.55069428477185
1743428945352.0,792.0663427427563,432.29394649119934
1743428945414.0,843.2570797086913,354.1439150723363
1743428945477.0,824.2585185113284,415.16713709538374
1743428945539.0,832.6378444932252,406.6961024034596
1743428945601.0,822.8020729474808,442.99671844119536
1743428945662.0,765.377684490395,364.78604532700757
1743428945722.0,775.4521153322015,370.91183292766664
1743428945782.0,839.324795156523,145.91048398900347
1743428945844.0,629.9636111893138,223.22854043200346
1743428945903.0,725.3776640565452,81.69896938900595
1743428945964.0,829.1948107323275,-104.99102892278769
1743428946023.0,912.7654223613745,-189.10907527078996
1743428946081.0,864.4796103984296,-247.96972043215857
1743428946141.0,749.474124668656,-22.50672296114635
1743428946200.0,668.4598798393023,-165.04739613911363
1743428946255.0,693.3397876321205,-141.6770001435103
1743428946315.0,582.8271701515579,80.52349573917488
1743428946372.0,701.9641357001093,123.3601996055866
1743428946430.0,711.505150729984,-35.04448209773224
1743428946488.0,812.019958036093,88.98489654358153
1743428946546.0,826.5702711465718,25.99107074695476
1743428946604.0,772.8415125773329,263.1213697055968
1743428946661.0,733.542381642998,454.2845137879865
1743428946720.0,656.8678808106814,625.3418707976821
1743428946778.0,705.1281066687222,763.5525376921881
1743428946835.0,633.6546289026568,717.4981156554929
1743428946893.0,798.2733124504765,578.1131284112272
1743428946950.0,582.6335477242412,617.0412155647894
1743428947008.0,695.284008759164,561.3125598990595
1743428947066.0,735.1748778812849,744.5972372369463
1743428947124.0,693.1326457712718,753.0830025386887
1743428947181.0,632.2944778819001,589.0263716498503
1743428947237.0,582.1763755983201,832.9961415278167
1743428947296.0,569.6384016399041,795.9839652384109
1743428947354.0,500.45269967459177,661.6581477052789
1743428947413.0,571.7370256858578,458.0285925875961
1743428947472.0,559.9602661309835,346.70361604570365
1743428947530.0,499.5090929922817,295.68589076414577
1743428947587.0,568.6183888189688,649.4182815610782
1743428947646.0,740.8606950402415,462.01632615021913
1743428947703.0,737.0507095632182,692.3204562129287
1743428947762.0,802.5322565449909,900.3972252223202
1743428947820.0,540.5232065788709,848.8812436265198
1743428947886.0,636.1035450251046,758.1098340340227
1743428947945.0,707.6084603733736,720.0082444447576
1743428948002.0,649.4138123917281,785.3738806286477
1743428948061.0,631.2783383522444,731.3019909541982
1743428948119.0,631.8620172697997,501.72609945554035
1743428948178.0,615.944240094243,297.95997407418224
1743428948235.0,636.9748782270052,570.0432091922835
1743428948294.0,620.0227604788669,566.7461387965267
1743428948353.0,637.6140561899701,499.16787932479804
1743428948411.0,705.5222867919183,429.50956889171476
1743428948468.0,678.4466502578648,494.7086715871424
1743428948525.0,561.1036123095739,725.9865838497295
1743428948581.0,545.1103245285243,748.0656407920718
1743428948639.0,554.7840269834313,624.8714429917231
1743428948697.0,534.2295845046692,492.37590807490744
1743428948755.0,447.00808381698835,563.3572231328228
1743428948813.0,486.23110991409965,367.8148142757692
1743428948870.0,503.0883274427032,469.7629397284162
1743428948928.0,399.8926205205242,613.7524987535351
1743428948987.0,430.1991291510035,315.64120957362576
1743428949044.0,511.4587290023142,569.5024230936901
1743428949101.0,571.7831809147094,422.07968020907754
1743428949158.0,518.4540587274058,393.2014542115931
1743428949214.0,539.9555485534638,343.1478246978022
1743428949272.0,492.6348461950013,169.0619440732947
1743428949330.0,459.7154742064705,71.20767113950964
1743428949389.0,530.9630959335375,22.927313841240565
1743428949447.0,574.5024159630003,83.10937924806105
1743428949503.0,564.3352204344895,-108.7626131182353
1743428949562.0,731.0791980353388,-247.2279123453466
1743428949620.0,752.0001475852093,-269.0732743843648
1743428949678.0,806.4195750931908,-409.50552259548795
1743428949736.0,622.5161274219203,-253.23197401001119
1743428949794.0,718.738902930083,-204.88253044619302
1743428949854.0,733.5266198490109,-145.41225557826655
1743428949911.0,694.7347351934241,-276.37685606836584
1743428949970.0,887.3001679425656,-110.83199617059404
1743428950028.0,919.1367401039732,384.91345379221406
1743428950087.0,955.4046763610722,1134.7230637552054
1743428950145.0,900.2199882526978,1049.1043042436618
1743428950205.0,865.9314276288579,837.2935007321557
1743428950262.0,793.607693660769,774.6830133683077
1743428950321.0,783.0618527432849,943.9930155558236
1743428950379.0,729.3690978097686,1043.0885609660616
1743428950437.0,653.8295314148276,1203.160310773424
1743428950495.0,774.4276104176017,1104.2989802018722
1743428950552.0,796.172516264887,910.4027826682284
1743428950611.0,731.2494503757245,754.3903244756555
1743428950670.0,644.1332895709684,814.7534131388093
1743428950729.0,577.2795963456073,854.0416001067601
1743428950787.0,536.8774012413909,706.8459319287458
1743428950846.0,598.564409747012,819.0805665327681
1743428950904.0,557.7958044917875,656.2158636066183
1743428950962.0,435.7460260009566,632.183551690285
1743428951020.0,528.5001819683938,512.5908532056601
1743428951078.0,515.3551198787399,283.3220444257771
1743428951136.0,611.0485948978718,114.5739103320149
1743428951194.0,617.0729940161887,113.89100839075086
1743428951250.0,491.09049382367675,38.77826927733311
1743428951308.0,521.0968780960288,-9.869288869492738
1743428951366.0,493.2532656456613,27.436923407357725
1743428951423.0,572.4773204916756,41.147240167479666
1743428951480.0,529.7169693705334,-34.737630380623955
1743428951536.0,524.3506422497106,13.92096538661643
1743428951595.0,497.08127331719766,-75.66822614084785
1743428951654.0,516.888222511231,-201.41339610970704
1743428951710.0,523.6937483795274,-154.59887902359094
1743428951770.0,630.2000889446471,101.0679703368071
1743428951828.0,712.3930414257768,88.42813756563184
1743428951888.0,732.0264436065089,293.6884572139112
1743428951945.0,633.9860619689829,386.131735755739
1743428952003.0,491.740600529543,396.26799404012723
1743428952063.0,500.84888789857644,411.0869556953697
1743428952121.0,497.68754902760315,512.622413209169
1743428952178.0,559.0283534537579,480.4528179881909
1743428952237.0,561.4413143389653,473.51159362510714
1743428952295.0,501.27105180128353,568.3567263367406
1743428952354.0,517.6656016608147,666.9119415216044
1743428952412.0,526.6164031809558,552.3316629176772
1743428952469.0,578.2716680014057,459.155584887505
1743428952528.0,581.9721701534831,443.17251794783664
1743428952585.0,658.6153097250756,683.2034640849574
1743428952643.0,734.9977662705894,597.3458915667107
1743428952702.0,771.7319161558942,508.63747211886346
1743428952758.0,750.4422631695287,498.11422441008324
1743428952815.0,705.2778241897928,614.764656396515
1743428952873.0,680.1517113588757,591.3660047252035
1743428952932.0,638.6056641037907,712.8658999206375
1743428952992.0,654.8801869230224,680.2906505438433
1743428953051.0,662.1956597626603,606.227901621605
1743428953108.0,716.0156050690342,380.940164847799
1743428953166.0,837.2534953958727,296.6882449524803
1743428953223.0,853.9514593939915,199.6062061692543
1743428953280.0,909.966174248888,258.73634810501056
1743428953337.0,885.1901862631006,670.984517885408
1743428953395.0,1075.9664502904764,289.689004001586
1743428953453.0,1071.1316036867404,-12.052661532590264
1743428953511.0,1210.43111988463,-275.2181137171613
1743428953568.0,1226.5856974059639,-409.59756265333357
1743428953625.0,1108.8812514822184,-397.1818034537354
1743428953683.0,954.457036381161,-163.31159549602336
1743428953739.0,968.1890704588343,-403.22728121996823
1743428953793.0,822.1788250779026,-7.544579786874749
1743428953851.0,825.1035661999894,131.7692820662778
1743428953908.0,790.1078004207459,211.7561714795567
1743428953965.0,741.8071935300596,381.8895753878876
1743428954023.0,739.2618983268503,709.868234040244
1743428954081.0,601.2335346709948,703.8060602848159
1743428954138.0,446.05564164757584,997.4826632909153
1743428954196.0,294.49042872298145,1125.7525765056582
1743428954253.0,360.7367330091573,1111.0896858035358
1743428954309.0,421.8920459146158,1152.0908290794405
1743428954368.0,404.67638284929467,781.6891732673472
1743428954423.0,443.00704343966066,712.8632316638867
1743428954479.0,472.5302332589037,669.437619331967
1743428954538.0,568.2439351303943,456.16926059636154
1743428954596.0,679.3310271128736,203.4965970620332
1743428954653.0,686.4858946273558,179.47324351099866
1743428954711.0,851.8469452916252,33.41443878712727
1743428954769.0,875.7859465791187,572.7659896280047
1743428954827.0,759.9964250518656,332.60661922929324
1743428954887.0,755.2367216298879,210.36118422627032
1743428954945.0,719.4746384569843,-9.317076265225637
1743428955003.0,743.5301392720345,213.61918903302927
1743428955061.0,732.8661349525603,417.0507853013447
1743428955120.0,743.9153086596684,371.0866667242211
1743428955177.0,885.746415580317,648.7501217391766
1743428955234.0,909.6321803985297,630.3945523029772
1743428955292.0,907.8975225676296,798.358638755059
1743428955351.0,879.4507044716916,976.6121312499112
1743428955408.0,952.5607989567892,1114.2711135515262
1743428955466.0,967.5921714597025,1172.693593063961
1743428955525.0,952.9300216454868,1121.6017477437636
1743428955584.0,919.1815879342926,1033.5990391151422
1743428955640.0,943.6330820292607,858.078728311515
1743428955698.0,906.9104642866085,625.8547244660932
1743428955756.0,882.3039801317665,497.9644205337288
1743428955813.0,874.564731507058,524.2970647621792
1743428955887.0,867.512548863733,548.0677325451351
1743428955945.0,827.9285835123576,355.9281050139863
1743428956002.0,816.2694237068487,334.69019542251294
1743428956061.0,863.0024987008769,422.03042655900697
1743428956119.0,899.7610833243963,551.4416921587305
1743428956176.0,851.2037325406643,514.3948398382482
1743428956233.0,771.3724599666434,535.0058925576641
1743428956290.0,673.983149700264,668.8142808885711
1743428956349.0,732.0481589359954,758.3446170560603
1743428956407.0,733.1277060987888,711.0729460242638
1743428956466.0,730.6510730542088,603.8674927932552
1743428956524.0,681.709266381681,344.13440397013477
1743428956582.0,587.3526736423883,353.88091399036875
1743428956638.0,522.3064532705754,304.7196096725754
1743428956696.0,651.2652523071114,509.7966122968978
1743428956754.0,588.2496418950915,288.20055482795897
1743428956811.0,538.3099997131156,164.39048375718443
1743428956872.0,499.0909697047471,110.19568300877948
1743428956934.0,622.6492042287955,185.55158746720963
1743428956992.0,640.415682647496,101.58366656449587
1743428957050.0,665.1969766204746,129.25760081701253
1743428957106.0,706.3325418131291,164.03745771758244
1743428957165.0,837.6493083344214,430.93365119361516
1743428957224.0,848.4476954552185,773.1713704765684
1743428957280.0,736.1597283053654,994.2994221054798
1743428957338.0,682.068597489711,947.7138619986372
1743428957396.0,519.3461617727576,836.9805702522517
1743428957454.0,461.57100372349004,697.1540723734082
1743428957512.0,452.2466459018717,781.2224686121527
1743428957570.0,483.30180996450883,939.939263907034
1743428957629.0,572.1048862217976,1018.6122823483142
1743428957688.0,625.7502661008914,850.6238491247201
1743428957746.0,734.8221580934979,737.8219817903482
1743428957808.0,761.011575512058,822.7536244976185
1743428957868.0,760.002453180733,510.05780617833176
1743428957931.0,797.5501463882629,473.7391379720343
1743428957994.0,701.2764885131204,314.8437716038007
1743428958058.0,588.8041716625298,421.55549995906813
1743428958121.0,665.5559833072266,514.8037893747315
1743428958184.0,781.5880996133377,370.8708397308377
1743428958248.0,711.1922836217684,351.15863759186584
1743428958314.0,741.0281398123993,292.70784007483405
1743428958380.0,652.0962674480011,235.92702335799274
1743428958445.0,424.60036067922937,258.25349186348353
1743428958509.0,434.54674937886307,143.53429752157984
1743428958573.0,491.98965489779965,240.28804008072146
1743428958636.0,492.12019777760224,158.12866480805494
1743428958706.0,443.57707372433765,256.54549177034767
1743428958773.0,421.3834181000018,369.74192837734
1743428958841.0,428.6814408200097,395.7027743718998
1743428958908.0,350.3594806864753,320.2853609831342
1743428958975.0,334.3467699178213,292.12964608347625
1743428959040.0,361.61096587244754,317.64923436963903
1743428959104.0,441.71865033804403,328.77669525536953
1743428959168.0,451.4939788765473,378.6936934788693
1743428959232.0,437.79204928460985,466.34593157342215
1743428959297.0,386.91948703934634,448.09504605390856
1743428959360.0,411.46048081916246,432.1688269324809
1743428959429.0,427.1231876051592,474.09177016425656
1743428959492.0,440.155583423341,489.8010542356152
1743428959554.0,456.1069297866908,455.461731630848
1743428959615.0,444.9810919692304,375.41765576486097
1743428959681.0,401.4198868014828,427.47452091308463
1743428959746.0,447.7797424133702,386.2797703584793
1743428959812.0,489.6729003254506,331.573406528603
1743428959879.0,475.32537249342124,356.42273345881205
1743428959945.0,486.82546848936425,292.98752771401297
1743428960008.0,517.2754770474185,350.4451912032134
1743428960071.0,538.0699727651918,289.96018653256135
1743428960135.0,489.25587595525036,280.84219789779075
1743428960201.0,390.7618237232151,281.54019588043013
1743428960267.0,390.81405839108044,220.90827399125504
1743428960334.0,364.5834174854365,354.47510807893786
1743428960400.0,391.94970402776505,368.17694632896433
1743428960462.0,447.33532217524004,388.658988529481
1743428960526.0,347.351407719003,482.54885492708837
1743428960589.0,392.44739890458004,503.8153005101837
1743428960657.0,418.91428192076285,510.3230157454809
1743428960721.0,458.13261201296245,425.2482756098402
1743428960783.0,451.3967220211292,452.58942012367726
1743428960848.0,420.9024382734051,418.65172367673426
1743428960915.0,460.7259162678779,413.87677935952047
1743428960978.0,454.9128023607228,451.59854866600546
1743428961042.0,421.12950208246815,534.1777745104639
1743428961104.0,386.7870319258201,647.9689734201144
1743428961169.0,368.30376749319197,775.4752867181573
1743428962685.0,466.4435874790521,975.0369426133682
1743428962747.0,447.20560583983126,994.7534054884795
1743428962808.0,453.57745104794225,924.4279171862831
1743428962873.0,512.269352083457,742.8103926246813
1743428962939.0,577.4360962044326,600.7381303483992
1743428963006.0,651.8893469939478,604.9462417621597
1743428963071.0,861.0616592168528,348.1674907165255
1743428963138.0,855.8924846108703,249.50167322275843
1743428963204.0,979.0057798342189,95.4518264617761
1743428963271.0,1041.0307393442572,161.34070715464273
1743428963338.0,1035.6967619411298,-9.982792592840326
1743428963408.0,914.1486629802562,178.48467948309485
1743428963477.0,1083.558651805802,329.6292676563294
1743428963546.0,1039.9353536321848,355.1820304360655
1743428963614.0,919.7895586007392,428.7308833891586
1743428963680.0,872.1980443448472,504.1329616980034
1743428963747.0,811.3851942985885,493.78845656878553
1743428963814.0,834.5102559404662,681.4256127102102
1743428963880.0,848.8878452169437,712.0625569742573
1743428963946.0,951.8634402215616,711.5680634566589
1743428964012.0,992.1726982622693,596.3565495801707
1743428964077.0,1010.4233849761122,431.70559019327067
1743428964145.0,917.6196633149184,443.49279383123667
1743428964213.0,798.2015742579954,449.38995542149917
1743428964280.0,787.59623617753,441.4577529548531
1743428964347.0,824.949860763045,279.37241511906444
1743428964415.0,834.9186478526852,236.9767563931841
1743428964482.0,881.9518360735767,370.9074788544534
1743428964550.0,883.5059500313737,449.98212850947823
1743428964618.0,807.3050548310066,559.4244857105813
1743428964685.0,757.4174116101497,587.9969804819967
1743428964752.0,823.8832495725871,587.415240355295
1743428964820.0,756.7461561987723,659.2865375851447
1743428964885.0,741.1081114869787,727.4412724972824
1743428964951.0,480.0780208141914,847.0241462139679
1743428965016.0,493.64312479416975,878.2383291428844
1743428965083.0,477.60638541190133,772.6715615670989
1743428965152.0,502.5812520892429,751.0438749074333
1743428965220.0,462.27861094169,794.6640713590925
1743428965289.0,613.2876437168572,758.3782672394841
1743428965358.0,654.156096790122,779.8307411359891
1743428965427.0,695.700426188326,765.9805192852212
1743428965496.0,652.2886601878915,634.2610941308683
1743428965562.0,716.0940642334252,624.2091408637401
1743428965626.0,681.1450026584771,669.4421177786465
1743428965695.0,699.9129916459932,645.6795971825137
1743428965760.0,675.8766185232782,678.2352510176294
1743428965824.0,672.5250292812049,700.9022143425037
1743428965891.0,675.4946739077723,728.1080976499769
1743428965958.0,660.6313319300593,738.3610219511481
1743428966026.0,687.1085698599237,590.3631748746601
1743428966095.0,707.3875668643786,715.8087302431658
1743428966164.0,766.9470949140448,619.3509328852313
1743428966232.0,741.0439982078304,595.4163997062274
1743428966301.0,722.9760145543364,575.9618736874435
1743428966368.0,720.3543989907417,527.5686980172009
1743428966431.0,773.9626728462515,450.5078154116232
1743428966496.0,726.5581128059132,414.8388287157533
1743428966560.0,715.7002353116052,356.9781871425983
1743428966624.0,649.4745944012191,299.23445343104106
1743428966689.0,655.220530685121,329.7604677426051
1743428966753.0,675.3705880585717,252.52898160009255
1743428966819.0,685.5113881090227,273.6145968795119
1743428966887.0,708.9184564437958,305.3252164228853
1743428966955.0,821.8897268513042,322.3590625575505
1743428967022.0,803.8123647819554,314.9477878913428
1743428967089.0,779.5073837580609,225.45589654612257
1743428967158.0,770.4287478723498,289.8874902977245
1743428967225.0,778.0735157970802,195.7098867231889
1743428967288.0,659.148445798229,159.15952299321614
1743428967352.0,739.5936700936041,167.26504078684408
1743428967419.0,716.2889161258887,302.8149431212639
1743428967484.0,776.4654160993615,182.8686547955665
1743428967551.0,735.5389686136257,195.38659722452974
1743428967618.0,679.0537217074104,322.0787954397134
1743428967685.0,741.2748125666358,402.45868956001414
1743428967749.0,713.2460097077303,329.1227706952634
1743428967817.0,666.1822145685687,378.5858583039919
1743428967884.0,669.921472779331,313.91597052609984
1743428967954.0,667.8701759409553,230.79945267521177
1743428968023.0,673.7602897324526,168.9106598884819
1743428968090.0,688.1424423033499,157.90129435857526
1743428968159.0,647.24103203159,269.51265844968896
1743428968228.0,692.5019608785816,429.73563041475484
1743428968297.0,654.3709702699748,377.0457799973812
1743428968364.0,601.5101110422103,353.20260132841327
1743428968434.0,773.9024017543397,416.4517565396111
1743428968503.0,661.1879466287813,550.9704714795852
1743428968576.0,636.1570208716402,421.38415288723377
1743428968645.0,572.4096267630651,389.3085941681706
1743428968711.0,601.4725233074537,324.8604856972456
1743428968778.0,570.1020399688351,280.44651484187364
1743428968843.0,515.9129192922084,214.68775663810794
1743428968914.0,558.9116148702317,286.88279651341327
1743428968983.0,615.0917758545584,270.4827468675674
1743428969052.0,623.3290164520954,410.3957695613001
1743428969122.0,613.7804781892166,358.54831265753296
1743428969188.0,685.5597764700539,465.2019870884618
1743428969252.0,718.5711674719304,464.8302248156969
1743428969320.0,783.6289242988618,385.3558181022929
1743428969389.0,785.5197691562578,294.98913581535385
1743428969459.0,798.8088961262414,291.73681667157115
1743428969526.0,821.0796717666556,322.2279718873373
1743428969590.0,911.8008979397896,310.59169193464703
1743428969654.0,974.5302773196021,286.0046841500905
1743428973185.0,948.9072823326509,252.364316215116
1743428973249.0,888.1851796450611,295.36626533496775
1743428973316.0,1057.2318303210754,295.59312848644066
1743428973383.0,1072.6058795543722,441.2091630307333
1743428973451.0,1151.5143551832823,255.20545655638847
1743428973517.0,1097.1254278590618,517.3545424632346
1743428973585.0,1143.7863463967628,460.9439709405271
1743428973650.0,909.4330905333259,481.643653473905
1743428973720.0,857.745680773486,428.5417127823177
1743428973788.0,679.9876381285208,513.1175076111083
1743428973854.0,659.0461669026691,615.6794126228905
1743428973921.0,501.9329814244504,427.29979536194924
1743428973988.0,358.0093078003187,406.84361264917214
1743428974054.0,270.4926681579087,378.95583842797714
1743428974120.0,193.4112014480954,393.21950434538445
1743428974188.0,60.59524518771413,389.527326977039
1743428974254.0,218.37039457650536,565.1748392649997
1743428974321.0,534.6698327904554,418.481073902238
1743428974386.0,618.6505713690965,456.66793884758533
1743428974451.0,696.3561351582404,259.675081603881
1743428974514.0,736.8369149726407,296.2689172604953
1743428974578.0,949.3739647837965,100.0892252156732
1743428974641.0,1248.8277380318452,-49.8053395699271
1743428974704.0,1416.7756811891495,9.914290069830201
1743428974766.0,1184.6173199394561,367.6430264721341
1743428974827.0,1061.0105374378713,515.2416504764624
1743428974888.0,978.3471594184562,669.5500916520141
1743428974951.0,834.5748570266376,770.8402774137865
1743428975012.0,690.1905713195198,907.0103497680363
1743428975072.0,714.3642585915144,956.6342395062312
1743428975138.0,577.8378928346644,872.2893219021969
1743428975203.0,444.03247555622227,867.3598082367587
1743428975267.0,294.03294931456355,877.3271542583035
1743428975330.0,276.83637859466654,783.0533753578994
1743428975394.0,269.973178468264,612.4330953807334
1743428975456.0,216.83346725374628,466.5084792746744
1743428975518.0,176.0380657781135,321.9481839501671
1743428975580.0,111.44903097823679,286.7945463591005
1743428975642.0,135.30210928700987,301.51152694390726
1743428975704.0,119.14059593695922,336.12198986869583
1743428975766.0,156.38258268395438,311.20686846394113
1743428975828.0,205.61249219565337,307.2151559314385
1743428975891.0,219.269425044918,443.45702380491105
1743428975955.0,175.49522542693538,671.5606591651944
1743428976018.0,260.12826767091764,602.8742322944444
1743428976080.0,151.66011819097224,642.8923456563251
1743428976142.0,135.4069532204499,656.6805300710495
1743428976203.0,37.624531897164076,737.3331343616517
1743428976265.0,-71.36978117233468,729.1916886127499
1743428976328.0,-174.12790791594003,628.8591854765803
1743428976391.0,-182.0288649955386,714.8891209911591
1743428976462.0,-165.830852135915,645.2864244375355
1743428976526.0,-142.69198882384902,691.7090356268596
1743428976591.0,-67.8231469289581,686.6998326931213
1743428976654.0,6.852526455429043,613.4429190519901
1743428976717.0,71.01760659332353,698.3632486217141
1743428976778.0,-29.094499114610045,714.4583169893923
1743428976839.0,68.77007648055773,607.205031017395
1743428976901.0,24.579056521790015,620.3321625364166
1743428976962.0,111.23412982031161,578.3934907522349
1743428977023.0,237.8028165787354,555.5157020623747
1743428977086.0,340.8584284852454,422.5422125545434
1743428977146.0,397.694003983586,342.5038750473759
1743428977208.0,517.4140619406338,388.555352642252
1743428977271.0,512.1127352061907,391.6191368238523
1743428977334.0,378.3264511853432,489.9400610131191
1743428977397.0,435.7729433389291,474.8205353741521
1743428977460.0,491.59435178485427,385.85401362834585
1743428977522.0,487.8109636706795,351.05132989563174
1743428977605.0,573.9112864235876,324.1985447761756
1743428977674.0,619.9963854682499,254.40836958779633
1743428977738.0,736.7643962798586,252.13901789721388
1743428977803.0,880.1745168038742,268.8328274442826
1743428977866.0,961.8952248674082,256.7098718863521
1743428977928.0,850.323717422999,389.77736422176747
1743428977992.0,778.0004175322904,454.84114384850926
1743428978055.0,869.7601395550437,379.9860984387468
1743428978117.0,915.7460827862966,404.50774385643297
1743428978179.0,923.9928639959767,554.01614623103
1743428978242.0,940.234989213079,610.4609152543086
1743428978304.0,968.9523288998371,611.5131095148416
1743428978367.0,871.3712931334303,576.2245803440111
1743428978429.0,968.9772467981073,456.3737228201862
1743428978492.0,928.6804676418269,379.2738560960711
1743428978553.0,999.196213175377,248.70651316028759
1743428978615.0,1024.9531262277358,252.9529374512034
1743428978679.0,1094.134623727475,245.51536903221063
1743428978741.0,981.6221835586442,294.00565029923746
1743428978803.0,973.4983448417836,241.3126400249845
1743428978865.0,966.4826615666013,220.72967078910236
1743428978926.0,1115.8858420467232,142.5320076909358
1743428978989.0,954.3192224269326,184.98493010537396
1743428979051.0,993.9059263344877,96.75363076385706
1743428979113.0,859.5617176230442,229.9383568605779
1743428979176.0,922.1281541384149,270.13829176913515
1743428979237.0,886.6743484601536,330.63680173727846
1743428979298.0,884.0620133546441,371.79062765476743
1743428979361.0,865.9113831600254,403.6391815628578
1743428979424.0,928.6539716082987,307.99266772498504
1743428979485.0,921.8697055263048,313.0813016633789
1743428979547.0,995.8208625391312,329.8337188570671
1743428979609.0,1000.8659486037321,288.3867637398127
1743428979670.0,959.6903788730133,312.3728198439917
1743428979731.0,976.1640120342289,367.3646073126494
1743428979792.0,969.4902259065839,480.97536561225604
1743428979854.0,949.9670368563992,497.46294634236216
1743428979917.0,894.0607525470248,451.0859247724346
1743428979979.0,904.1812465784606,347.49049007719265
1743428980042.0,845.4753471312243,287.5250305740425
1743428980103.0,787.3510741035913,209.04579132230648
1743428980164.0,852.0533990058723,110.79514508077744
1743428980225.0,899.1635797375535,26.684810807104093
1743428980287.0,756.0867531145095,4.5529825541763564
1743428980350.0,619.2218767800356,2.4506018741383713
1743428980411.0,613.0802244709356,59.17984555209989
1743428980473.0,541.5229419650788,116.61751944794659
1743428980536.0,519.8053140031619,219.1979211428197
1743428980597.0,467.8108065582363,224.5824889916525
1743428980659.0,427.9896321341567,322.6612380144119
1743428980721.0,396.15631883542903,373.7036485066996
1743428980784.0,477.1244048410226,339.2713629716183
1743428980845.0,531.106812098877,369.0920459609911
1743428980907.0,621.3776711780769,378.92124069079307
1743428980969.0,622.1570231834359,418.1280653533778
1743428981032.0,675.2621463686637,464.9278404415913
1743428981093.0,665.1075243321569,514.4143806489316
1743428981156.0,618.4281420694034,500.05296533709384
1743428981218.0,767.4782794474045,477.5859752065561
1743428981279.0,683.6773603760237,460.4711597097288
1743428981342.0,666.6475442291453,489.22739480123823
1743428981405.0,581.2510992962564,479.00829297031686
1743428981467.0,659.5647888963695,479.8401881400461
1743428981529.0,742.4477774637206,498.3141616221725
1743428981590.0,774.0640415179279,541.8798306640472
1743428981652.0,595.8646288360809,841.1099470629117
1743428981713.0,665.9072853129097,875.2635476628991
1743428981776.0,661.6069944515061,948.0638535767154
1743428981838.0,718.8751780205431,919.8545999115976
1743428981900.0,776.2172700907728,838.969397001159
1743428981961.0,888.9203583663227,695.6454289256062
1743428982024.0,1001.5316798270825,571.5052120134806
1743428982087.0,1109.808795677898,476.4728035519083
1743428982150.0,1192.8593992422004,465.8615137805226
1743428982211.0,1303.61171783313,412.3564888556061
1743428982274.0,1310.4641270135628,394.2883484263323
1743428982336.0,1264.7334268639,323.29357496060095
1743428982398.0,1157.4990458425987,302.0878102247779
1743428982460.0,1096.2921525322881,383.84552082143256
1743428982522.0,1034.0621413487727,373.33953994189545
1743428982584.0,995.0847378357101,448.6477604907167
1743428982645.0,911.6067691796101,519.8625230195958
1743428982707.0,1016.2413405893292,472.73746437514234
1743428982769.0,985.2449954319032,413.0327865608818
1743428982831.0,967.4371903685044,315.3267812038646
1743428982893.0,989.868364505927,393.10735497871156
1743428982954.0,1019.748355927971,370.3208515146151
1743428983018.0,1021.4249953050515,369.761091422709
1743428983079.0,1088.0775835968652,340.2099598403413
1743428983139.0,1120.7181293242015,352.34716855753544
1743428983202.0,1176.4786770901624,344.54202630272414
1743428983264.0,1237.66556107169,257.36128650018543
1743428983325.0,1232.1057493594592,216.5599653579685
1743428983388.0,1207.8618702882102,304.99449635036535
1743428983450.0,1155.4634111164453,211.29760274743927
1743428983511.0,1130.4301731217397,195.39853203583294
1743428983573.0,1047.8820157637222,135.36008552799035
1743428983635.0,1049.644164909869,134.8429541975769
1743428983697.0,1029.2112583004857,197.660899636508
1743428983759.0,917.1765641817369,289.03904549413494
1743428983821.0,927.9316868440048,258.2744849632339
1743428983883.0,937.9819300745629,284.7816502707781
1743428983945.0,919.5768382874184,250.15707014472008
1743428984008.0,837.4572129355187,294.25772905499116
1743428984069.0,850.6550275845628,294.7137640384589
1743428984131.0,889.45350852133,354.6643729059018
1743428984193.0,935.7303242494577,374.98223539392615
1743428984254.0,863.3003529389423,343.1415300939702
1743428984317.0,900.1946202310788,364.2044739168791
1743428984379.0,854.7966802537852,294.13737153461267
1743428984441.0,898.5083699592738,317.27785581119974
1743428984502.0,880.7106386911252,296.1530249119051
1743428984566.0,902.0758002595691,271.5109999009022
1743428984627.0,918.7644452402016,296.34170034948147
1743428984689.0,881.2940239742736,350.52254710881533
1743428984751.0,857.1507191319356,330.72984355855044
1743428984812.0,864.3601047660954,270.6766751033925
1743428984874.0,809.5654846036871,256.1629017432698
1743428984936.0,769.6003403718964,225.9471673754852
1743428984999.0,848.8164072310775,234.34451553874146
1743428985062.0,794.512535045878,318.0874492330911
1743428985124.0,887.3296755205756,303.8044583621206
1743428985186.0,882.5749540811046,350.9437167519494
1743428985248.0,1006.9632929305716,274.49522551397536
1743428985308.0,915.4543796618718,268.90326324673737
1743428985370.0,974.957047174595,255.11874753293304
1743428985430.0,1048.285170337117,246.18310489821567
1743428985491.0,1038.4815917869805,246.77263395014785
1743428985553.0,1087.593147427084,249.76236265582315
1743428985615.0,1106.456277759732,291.5864655175108
1743428985677.0,1061.6426453503007,325.19800226504566
1743428985739.0,1055.145476715721,259.19159918566885
1743428985800.0,981.0580284286731,268.16457423063366
1743428985861.0,972.8324790916192,252.3526181820787
1743428985923.0,933.7971003109388,289.33124314732
1743428985984.0,964.4400976784912,213.3449801441082
1743428986047.0,955.968962487013,155.01687206577606
1743428986109.0,1014.8546522452327,133.44254013450055
1743428986171.0,1047.853206405127,147.08055233934058
1743428986233.0,1106.457825781317,206.4357993259513
1743428986295.0,1017.8085541259238,195.7714967504987
1743428986358.0,1039.7523466124958,230.1014143440835
1743428986420.0,980.8300146740089,247.86569931520108
1743428986482.0,1086.2702009153038,235.73232876432945
1743428986545.0,977.8580210596957,299.7365609128884
1743428986607.0,978.3895614774653,305.47642515259906
1743428986669.0,880.4045160065425,360.62111236785097
1743428986731.0,894.5828592897166,352.3864995918165
1743428986793.0,1011.4288171135897,303.9174956431242
1743428986855.0,1082.281495899303,274.5496120445929
1743428986916.0,1047.4278992827872,256.44911251433206
1743428986978.0,987.5629795871953,205.04754581953497
1743428987040.0,864.8857929418527,247.8547590324743
1743428987102.0,774.2333741537078,233.36500518422562
1743428987164.0,751.3119293519263,262.4362929680336
1743428987226.0,723.2890514193814,289.2170817538057
1743428987288.0,674.036935412079,267.94284229190606
1743428987351.0,613.7708125560706,426.79620842046364
1743428987414.0,614.615012235972,496.3263403795189
1743428987476.0,626.521259990632,584.0862612369856
1743428987539.0,664.7282121833662,804.8828898417672
1743428987602.0,691.5860053554288,912.2081283335131
1743428987664.0,731.287669778661,867.406132070943
1743428987727.0,778.5795825838494,710.6674697452985
1743428987790.0,886.9892472219317,608.65120538392
1743428987850.0,1007.5313075574657,483.46242406701606
1743428987914.0,1069.126786397351,414.7664562424517
1743428987976.0,1171.0639582221459,352.05496691538775
1743428988038.0,1170.7712933438956,320.19956848591477
1743428988100.0,1188.269656755417,341.9366314009157
1743428988162.0,1167.820858451846,340.9636615653036
1743428988224.0,1176.5123003074252,322.43220880526724
1743428988287.0,1142.921319556044,332.8522647507924
1743428988349.0,1130.0096639522267,357.9341269703842
1743428988412.0,1120.5105645573453,269.096107928417
1743428988474.0,1108.6645956312245,179.06693023728926
1743428988536.0,1109.332018592446,221.03654573886638
1743428988597.0,1072.8371242893156,234.79713820509136
1743428988658.0,1028.6607708488614,220.98641450820915
1743428988719.0,1009.5455774731079,195.99135282941555
1743428988781.0,1014.5581122633407,157.5448336441829
1743428988842.0,1030.592362331635,165.15571926935394
1743428988903.0,1061.2493826587838,108.38860989099315
1743428988965.0,1105.2528639542904,27.31820348227248
1743428989027.0,1116.5745196316025,57.41176426810444
1743428989089.0,1138.13115724957,44.29168485309337
1743428989150.0,1206.5437434294013,57.268410736914134
1743428989211.0,1248.0873883499628,40.203403212632466
1743428989275.0,1265.547806541874,52.2625450353722
1743428989339.0,1238.079373319788,129.93981886850023
1743428989404.0,1094.77280941988,211.10872908552358
1743428989468.0,1063.2115566863486,280.12922085815967
1743428989535.0,1034.0426284387013,338.0084362010616
1743428989605.0,1024.031210418784,342.5641614341992
1743428989673.0,992.6310204103688,300.144146757286
1743428989737.0,926.993717995661,296.179426004094
1743428989800.0,915.5056130179445,315.30280425482744
1743428989863.0,936.2136445445244,315.8860639432838
1743428989927.0,927.0152629228697,387.21015575240733
1743428989989.0,807.6492130094115,439.0457358431847
1743428990051.0,746.843751044085,490.30190584200477
1743428990112.0,724.5009722370817,494.2000785172419
1743428990174.0,767.8174643959366,444.0442594216626
1743428990237.0,790.5675029012841,470.8480427549231
1743428990298.0,779.0952926420714,421.181150537119
1743428990359.0,749.8183762290718,440.8132282912755
1743428990422.0,716.0775468598243,404.25315373665404
1743428990486.0,659.9487525942079,435.11197709694096
1743428990552.0,570.1587505295913,476.1373932184417
1743428990618.0,593.4487785588187,443.38128014509573
1743428990679.0,537.5604148124173,656.9287306361748
1743428990741.0,422.28196719257676,727.784770556439
1743428990803.0,313.8199140445181,715.1544417572627
1743428990865.0,268.07437466813445,741.9373878403051
1743428990927.0,181.47708048678237,761.7847907183881
1743428990988.0,96.40730925984181,857.7645285447901
1743428991052.0,217.36769976963592,661.152536508313
1743428991114.0,245.66918095830871,667.2303082715002
1743428991176.0,132.96524027124457,612.4944995004826
1743428991238.0,375.68664170337934,533.2537940127216
1743428991301.0,377.9094959043119,649.5883207842829
1743428991365.0,475.59205998104795,616.7544186993887
1743428991435.0,449.7934741331394,474.7729775309845
1743428991502.0,398.5815380002883,420.7049512236092
1743428991567.0,337.5079460572242,323.88009514397123
1743428991630.0,296.8600421804849,334.1439475467137
1743428991693.0,277.0022933627421,292.14334005822553
1743428991756.0,297.10425140697447,305.6635871511151
1743428991818.0,336.9058653392114,296.43069041705286
1743428991880.0,377.1804528373102,159.2484872507563
1743428991941.0,405.52434557715003,206.42223610403784
1743428992005.0,421.45483776076713,299.4414400756213
1743428992067.0,488.7309994090001,288.0968903276362
1743428992130.0,535.6700322640534,277.0846984208351
1743428992193.0,573.507616418879,278.4370441559246
1743428992255.0,579.5708342681968,323.3081667697582
1743428992316.0,621.4446558536755,288.521610338668
1743428992378.0,573.1639020982785,375.9266094231941
1743428992439.0,569.6147934999925,250.5818577510563
1743428992500.0,609.2599557187006,375.45180488509465
1743428992561.0,570.2379653500177,405.14812236782063
1743428992622.0,580.5947865278797,426.74772152757066
1743428992685.0,593.5468822140979,532.7215920649063
1743428992747.0,581.4351472196811,445.9182524208675
1743428992810.0,567.0366812308474,465.35067763688636
1743428992872.0,567.7955343724805,400.62539396303373
1743428992934.0,529.6919240622757,346.6500315438283
1743428992997.0,457.796087516756,331.1117007775843
1743428993058.0,489.76695551401053,426.3730098433376
1743428993121.0,503.0898999808516,464.4088959226002
1743428993190.0,487.2163124108247,569.2843454462702
1743428993252.0,559.7653428899014,568.6994829419245
1743428993314.0,640.6772003436173,608.5316092126897
1743428993376.0,592.0576953380636,620.6107163884375
1743428993438.0,693.7855852815574,699.8697150312263
1743428993501.0,743.58301425099,712.90918301591
1743428993562.0,701.5743117871191,680.4740331084521
1743428993625.0,751.6929530828934,609.6877985834676
1743428993688.0,833.1184154344925,589.2499542650617
1743428993751.0,854.2031437074218,677.257314748568
1743428993813.0,807.7882942066503,584.9096581065611
1743428993876.0,775.0731848765865,431.7444833364317
1743428993939.0,639.0683551316869,349.3479960801834
1743428994001.0,628.8902782140116,247.23321830030977
1743428994062.0,600.1566521309483,215.18314366360164
1743428994123.0,532.8426337071597,251.97223904919522
1743428994186.0,524.6198452226336,315.15188875072255
1743428994249.0,534.021077038801,377.18608115832944
1743428994310.0,460.2759236706226,392.17553035103595
1743428994372.0,445.1628014235058,439.6612485911219
1743428994433.0,437.68609312755206,464.9817452855635
1743428994496.0,434.1842679448013,475.87051203182244
1743428994557.0,447.66691790070524,418.15763210346097
1743428994619.0,504.08450097634113,407.0500490652837
1743428994681.0,565.5799288394248,386.4440288388829
1743428994743.0,605.0843212786688,379.39958674911213
1743428994804.0,597.5864124522687,355.6640064770276
1743428994868.0,626.7908977550169,260.45409733923907
1743428994929.0,580.9999424762954,243.7727978570118
1743428994991.0,555.9136079526928,259.7246770336011
1743428995052.0,509.1000548795205,254.1330951631081
1743428995114.0,415.24481572681435,298.1805629353364
1743428995176.0,342.37273389046413,287.16295422944864
1743428995238.0,279.8929850384973,270.2352013739727
1743428995300.0,235.76290364624398,251.5271339678607
1743428995361.0,190.26517409136432,286.97914564173317
1743428995424.0,223.8657679406295,344.3196899324674
1743428995486.0,225.68081327465055,423.96004154715183
1743428995549.0,279.892517100114,465.2732475626492
1743428995611.0,304.10043293600927,478.7888087911021
1743428995673.0,303.0823735470628,501.77493082505777
1743428995735.0,292.5957697985892,440.5530263864945
1743428995796.0,277.1294290396062,480.70019768454824
1743428995859.0,291.5540028907089,424.40821951200377
1743428995920.0,321.08772234794617,409.6525698010082
1743428995982.0,388.7516944588019,303.6559863828455
1743428996043.0,361.8515560666808,288.94202361812364
1743428996104.0,441.88451655762395,330.84694242103956
1743428996168.0,442.558048204899,305.17444621020377
1743428996230.0,555.1006930426936,469.19388203584236
1743428996292.0,683.7102628746309,507.4022917384132
1743428996354.0,796.0495350213753,615.7846245264676
1743428996418.0,765.6766469433643,742.0972601990279
1743428996480.0,757.5710893039355,586.1375851034458
1743428996542.0,764.8599856827103,609.2431455382233
1743428996603.0,771.1605038391409,509.006133526451
1743428996666.0,620.3019707447481,563.7010546901039
1743428996727.0,456.12097859970766,673.8353990452486
1743428996789.0,287.2817746898472,700.6105058868311
1743428996851.0,360.6618619590481,702.6908697403425
1743428996913.0,206.8649326400097,498.15855549887794
1743428996975.0,105.24646215981409,594.4415984187738
1743428997037.0,34.39754284419902,689.5713188935229
1743428997099.0,33.28005136273635,810.9144045040218
1743428997160.0,-40.73995089082047,862.1646105176977
1743428997223.0,102.08877661372264,873.004050421212
1743428997285.0,113.50429868590997,941.831562431182
1743428997347.0,217.96349387395063,955.1591214633472
1743428997410.0,323.97764114471585,1000.5092004080082
1743428997470.0,346.26952531083595,863.3233991386525
1743428997534.0,402.3873585929168,946.8751744060806
1743428997596.0,155.2900727963638,931.0012597065444
1743428997657.0,-19.920468931159917,960.7400965635048
1743428997718.0,74.43769818667235,1019.402102249632
1743428997780.0,137.3166364205026,1006.6113256236905
1743428997841.0,247.55812742053746,976.3509198302157
1743428997904.0,321.26340688372295,918.5078898900128
1743428997965.0,296.7332403537336,910.0107966765484
1743428998027.0,297.01297097003055,788.6336239387796
1743428998089.0,397.3816752595768,826.6338420753134
1743428998151.0,339.63758187660267,866.5801192157691
1743428998212.0,383.8797033388358,838.1164335212951
1743428998273.0,387.4380781289334,881.2462109650128
1743428998334.0,460.8178408326546,822.8744327275655
1743428998395.0,505.83529745434066,765.3145227476838
1743428998457.0,453.51492877678095,752.6311475904599
1743428998519.0,427.75285666264733,711.1449516826136
1743428998581.0,554.4163564578887,586.7591052263443
1743428998643.0,584.685914455491,553.3094865201784
1743428998705.0,556.4052503925515,487.1859119076224
1743428998767.0,250.85058726884643,594.5266690033922
1743428998829.0,-13.869833248251894,800.125547920474
1743428998892.0,168.07353757073355,833.41200432011
1743428998954.0,275.39741545987295,914.3116842135522
1743428999016.0,405.652104778542,761.6344747071573
1743428999077.0,412.55623783205283,820.2625894939503
1743428999139.0,446.5326552050303,742.7969315536902
1743428999204.0,386.3743337458293,897.8083873817939
1743428999266.0,427.9875676993477,860.1124336333096
1743428999327.0,429.93360171969385,884.9283773770059
1743428999389.0,381.2964336254559,825.6772117520411
1743428999451.0,384.2748733958327,882.398465414009
1743428999512.0,439.68832574096155,971.9368680660623
1743428999573.0,399.860935542239,982.4570784698701
1743428999635.0,357.96656856504416,842.2914105944745
1743428999697.0,397.05689993975705,758.4943689927854
1743428999759.0,426.68053572858844,618.0332842804556
1743428999821.0,443.05759775387565,567.384329434092
1743428999885.0,442.7252885504456,589.6985342749679
1743428999946.0,430.36467202645,653.8942762059125
1743429000010.0,453.4499391304946,771.5324884319211
1743429000071.0,532.6301689408466,805.840435500123
1743429000132.0,534.318151626825,818.380755785842
1743429000195.0,458.43065302328483,916.1031000063393
1743429000257.0,489.0805276874439,903.7730918674396
1743429000319.0,436.73867773502275,975.9593986263998
1743429000380.0,456.2530124845989,949.4322256753409
1743429000442.0,525.2699946285543,768.7216425962275
1743429000503.0,527.89209573845,796.5151885208127
1743429000566.0,542.2686845918907,809.151790601987
1743429000628.0,536.9379898506329,825.247049029486
1743429000689.0,582.0360057236173,780.1099780322999
1743429000751.0,610.3303164374116,750.6473901121057
1743429000813.0,631.0386774561496,729.7758316551499
1743429000877.0,590.8709838287691,752.9692202759917
1743429000939.0,635.2300527169832,776.3727355983262
1743429001001.0,615.5193728511856,813.2320258458248
1743429001063.0,621.0781297497596,822.5479779891037
1743429001125.0,554.7191604165221,842.3392562909454
1743429001187.0,642.4126923020859,731.1806339810994
1743429001250.0,579.6557814413694,720.4477762805635
1743429001312.0,628.2537966853606,771.1726037129094
1743429001372.0,697.3743933446717,762.903729682586
1743429001436.0,729.9774493189549,774.1089478224249
1743429001498.0,840.4090914005601,754.8712063667691
1743429001559.0,757.3533783785739,791.7035032216403
1743429001620.0,741.2043695435025,739.6336567713396
1743429001681.0,641.5102389117695,795.3044639894665
1743429001743.0,712.6380416632463,696.9441458058434
1743429001804.0,562.5909624245853,791.6743304508368
1743429001867.0,511.11823785703945,836.3488464547997
1743429001929.0,375.4272777124117,911.5238342428889
1743429001991.0,342.23439810748675,934.7349683955564
1743429002053.0,454.0866519934901,884.1498264913306
1743429002115.0,433.15037436151295,898.7672905904299
1743429002177.0,425.8094553486364,918.7204059696425
1743429002239.0,558.6121611947756,911.9843338779144
1743429002300.0,583.7285092742799,844.1907909709023
1743429002363.0,496.7337276028863,939.9512424901383
1743429002424.0,564.8628276636987,894.691663464261
1743429002487.0,526.7535647931405,972.3448919629475
1743429002549.0,499.4320965558675,995.2824848645193
1743429002611.0,429.9461774168393,939.5719380791609
1743429002673.0,368.7785448027213,942.4972947889714
1743429002734.0,394.55968576535804,852.53351363323
1743429002795.0,375.95875527475266,887.7930596315092
1743429002857.0,401.011184247219,833.7651434385974
1743429002920.0,392.5776695687228,778.7180962249948
1743429002982.0,492.66874108902704,758.2214400446773
1743429003044.0,474.05328696796084,746.3879957244648
1743429003106.0,445.0738735891533,794.8429788844011
1743429003167.0,430.7607368293268,713.8564133089502
1743429003229.0,337.6015779746313,751.2642766361812
1743429003288.0,394.6096100350168,709.9779665753837
1743429003349.0,404.91217348542006,689.5806654456715
1743429003410.0,423.2039602501738,668.3684763617431
1743429003471.0,438.5943944503859,626.9336026802526
1743429003533.0,547.4689327495437,624.6774502894873
1743429003596.0,600.2384533524083,566.9029660285447
1743429003658.0,674.4389438932354,574.9595296009212
1743429003721.0,713.1460657902414,617.1522477491493
1743429003783.0,628.959737694772,697.2508601153629
1743429003845.0,581.7741848408299,685.0058898371764
1743429003908.0,399.46436358456947,717.5889806548846
1743429003971.0,176.36002487099705,822.5796283726906
1743429004034.0,58.11462758715514,838.889649633722
1743429004096.0,-5.033074893449342,841.2199889219653
1743429004158.0,51.206454603229346,977.2698850061788
1743429004219.0,213.90613479716052,981.0136232249159
1743429004282.0,230.0527540432021,998.007392308564
1743429004345.0,267.0237741094742,1146.15211499157
1743429004406.0,284.2897464685024,1117.595931204244
1743429004465.0,167.29496912990317,1109.0259041468246
1743429004527.0,423.1754152373995,1006.1790705619068
1743429004590.0,527.1744655062258,890.9366532010185
1743429004652.0,536.4406555617544,834.1250563902313
1743429004714.0,540.7754995794508,716.279868729563
1743429004776.0,565.7176841233061,696.5288846807908
1743429004837.0,513.1201861021417,683.0913649167906
1743429004900.0,424.4976391641279,799.6513672037925
1743429004961.0,414.9631163366706,808.4127404719549
1743429005024.0,410.8209244238058,806.845390136138
1743429005086.0,417.4381235785911,730.0315121193752
1743429005147.0,317.0359530128127,783.1551568926087
1743429005209.0,340.3897962856493,803.5043685235344
1743429005271.0,306.7908811854293,808.980847723367
1743429005333.0,229.872251116167,884.6263811077939
1743429005395.0,-34.74821880224658,928.737597630257
1743429005470.0,24.768656295281986,953.6665301852735
1743429005533.0,85.17505017526457,974.8277681036592
1743429005596.0,160.0232366623697,1192.343445954815
1743429005671.0,258.2451299707227,1180.9887634981662
1743429005734.0,392.6851085422305,1013.321804093457
1743429005797.0,361.864936138965,1100.8860530988532
1743429005871.0,499.0508160842577,790.9855299558869
1743429005946.0,586.8469892944137,737.2946152117299
1743429006023.0,661.7636236817422,673.265632946734
1743429006084.0,660.1901430057372,710.5158304020365
1743429006145.0,967.0602186883098,781.5094496375782
1743429006205.0,1305.8599305510506,708.219537889844
1743429006268.0,1332.2793257386265,772.3515265604765
1743429006330.0,1424.0550098137107,778.1995004007626
1743429006393.0,1390.2831865449234,803.7238121884899
1743429006456.0,1332.9888306074913,1091.4966674491266
1743429006517.0,1423.695857338923,1021.9393312950705
1743429006579.0,1469.3221497000325,902.3175516589641
1743429006641.0,1336.109030848202,583.4274034715821
1743429006703.0,1250.3876910156578,486.0037690973503
1743429006764.0,1175.1180204953314,321.0973300394937
1743429006826.0,1075.6745441577364,133.7324659857084
1743429006888.0,919.5241557946928,73.90219918593135
1743429006951.0,781.0004056596473,-6.392969045031478
1743429007014.0,881.0292064614692,38.60490900056436
1743429007076.0,849.7959042300292,10.771696140088181
1743429007137.0,660.7157271729403,375.57062331920844
1743429007199.0,491.1408204907406,554.5233941242551
1743429007262.0,235.91150606612308,687.6785558827399
1743429007323.0,23.696320120556166,803.5731412137151
1743429007386.0,-72.66509510770541,821.9474171680698
1743429007448.0,-107.61518401929162,798.6613714974466
1743429007510.0,-85.71660402601115,782.7649500683676
1743429007571.0,-52.405510796277355,747.9861780483919
1743429007635.0,-65.65123184514258,764.3257268920248
1743429007697.0,-79.34144393151331,655.1254793834454
1743429007760.0,-137.20679333803847,603.6637663549326
1743429007822.0,-223.41276456765263,609.768669216291
1743429007884.0,-239.8873934642133,696.0617446834359
1743429007946.0,-286.01023709641873,722.3187236026288
1743429008009.0,-344.1481611147754,635.8016544289708
1743429008070.0,-320.71184617576165,588.9625716286632
1743429008132.0,-287.20644521610404,600.5457678796303
1743429008194.0,-227.82365656665195,575.6368088100936
1743429008256.0,-21.27297393804588,516.988586140169
1743429008317.0,11.304436644588668,535.1835574943502
1743429008378.0,10.010549757348077,571.9005982732447
1743429008439.0,145.61400830594334,821.8965642888467
1743429008501.0,290.38643371234633,925.2197299278743
1743429008562.0,363.9986752108523,1041.9360723841223
1743429008626.0,334.95568268830505,1027.5362655848994
1743429008689.0,321.3966310468216,882.9241130036966
1743429008750.0,341.5281785988546,858.603679698497
1743429008812.0,328.1676721042195,828.2546368561459
1743429008874.0,290.7554199084606,607.1194288460126
1743429008937.0,158.80694350726537,603.2064563731022
1743429009000.0,36.27611909307291,594.8670439702981
1743429009061.0,-42.252517914074154,623.4130154341063
1743429009123.0,-86.39080223323937,638.781506071941
1743429009183.0,-111.63236545422075,650.4436913501085
1743429009245.0,-142.5996989830646,649.2713741219666
1743429009306.0,-137.23539711726428,661.4096698317134
1743429009366.0,-113.58312644955409,627.9618809746024
1743429009428.0,-77.64565125822517,565.9161416695267
1743429009489.0,13.15805249357193,571.668302909952
1743429009550.0,44.453742467493676,639.3676433347403
1743429009613.0,109.54990820862237,588.1832487237143
1743429009675.0,64.73388472166448,618.0433869259
1743429009737.0,82.8254008561136,698.0209320842073
1743429009803.0,20.128868673710613,701.1300690247386
1743429009866.0,-6.727702559404168,653.986155078329
1743429009929.0,95.9870202918518,719.4422124529159
1743429009992.0,214.00578190074475,664.3313898347268
1743429010054.0,231.4462708417345,572.107103874666
1743429010116.0,172.5681945904723,510.42232244103735
1743429010177.0,204.44420620689561,610.007564559503
1743429010240.0,167.02393700490268,666.643451869819
1743429010303.0,147.32310760391715,642.3291591731911
1743429010365.0,252.20192104768068,614.4138932918471
1743429010425.0,370.7950980040106,581.8618540035799
1743429010485.0,473.1585386856056,625.4336957442662
1743429010546.0,495.3914294182128,826.6089414284239
1743429010607.0,531.841084269499,862.5283728287606
1743429010670.0,466.3759805312779,795.1370462081982
1743429010732.0,425.3252466802358,758.6612636201894
1743429010794.0,319.9260148239306,836.772612418916
1743429010856.0,300.1707651008832,894.1037644798447
1743429010918.0,205.0160595293083,831.0427315669084
1743429010979.0,90.53110901987668,811.5591289559884
1743429011043.0,62.147016529425606,751.3049617345779
1743429011105.0,8.842563929455846,825.9937367789961
1743429011167.0,-32.240106088893306,811.3361109993206
1743429011229.0,-81.69828218783498,858.9075550158124
1743429011293.0,-109.1420089167916,800.1170744154965
1743429011355.0,-83.11214369871374,749.3850465812816
1743429011417.0,-85.8874556003699,721.610710993814
1743429011479.0,-103.74910602054487,671.5631693201874
1743429011540.0,-95.85740494547608,656.8492470998239
1743429011602.0,-64.603707057586,663.6865279052329
1743429011664.0,-31.285903432893313,620.770057773033
1743429011726.0,-7.782104195118439,611.3358093794358
1743429011787.0,82.53385031323542,551.3137260069527
1743429011849.0,198.29429340863246,574.0488274448152
1743429011911.0,209.0518756028202,616.0576096597815
1743429011974.0,234.82213934604687,605.3718515634254
1743429012037.0,174.210583695715,569.852217514234
1743429012099.0,167.64012368985723,547.3087292761303
1743429012160.0,57.202178054291494,653.7843008583213
1743429012221.0,29.44914421341492,726.6909558518611
1743429012283.0,8.855995189490152,710.1433599919353
1743429012344.0,33.67928102285091,796.7287102495202
1743429012405.0,230.2279515531647,721.3088382564354
1743429012468.0,111.22289367459487,888.2165881228505
1743429012531.0,130.65673287744818,835.1051479251049
1743429012593.0,270.1933834858812,627.3278104001421
1743429012655.0,374.6527974172446,590.7497560205303
1743429012717.0,263.8061013977708,628.9421275560748
1743429012779.0,206.5029565049502,654.0996401778971
1743429012841.0,151.94445305701112,659.358196455182
1743429012903.0,51.735871183262475,680.8643839609989
1743429012965.0,34.89080115140923,656.3366708257356
1743429013027.0,214.58178375315188,475.78770046830095
1743429013089.0,109.29798343743293,542.535181653938
1743429013151.0,62.26653974842536,655.5201255612374
1743429013212.0,48.66490694761375,653.058945105944
1743429013274.0,62.596396206103165,638.2250425549094
1743429013336.0,78.22567440121561,588.3795527419034
1743429013398.0,82.80622846209887,571.36408076332
1743429013461.0,68.94485613795409,595.6678163680153
1743429013523.0,79.54921505190076,549.2608012051242
1743429013586.0,94.37439102401619,574.0946578077289
1743429013648.0,86.87158709392428,634.8225665304527
1743429013711.0,84.43115336270151,663.4401781869602
1743429013773.0,161.7965737848266,639.8332977314498
1743429013836.0,166.47607122253035,657.5404586375496
1743429013897.0,154.8828650555131,637.6292050391633
1743429013958.0,171.43183264557118,640.465385057449
1743429014020.0,238.43567029968614,632.1906585715557
1743429014080.0,212.84566339542198,658.9491652916971
1743429014142.0,332.6294620541254,684.5181294103679
1743429014203.0,340.3715078917755,800.7591823971284
1743429014264.0,327.70529555907206,870.1860130042488
1743429014326.0,240.96058042736792,856.626726017983
1743429014388.0,128.76976089391508,904.1898900150439
1743429014450.0,133.8748830158651,998.4456987516754
1743429014511.0,245.60576841405066,945.3876078403592
1743429014573.0,255.79371845300884,1075.5990960427132
1743429014636.0,344.030109009406,1007.716847204721
1743429014697.0,334.7171511936619,994.72883221746
1743429014759.0,273.30453907670267,979.1969280708543
1743429014820.0,287.17953144271763,950.0856680471193
1743429014882.0,297.78014081319634,904.5060847810361
1743429014945.0,324.79208111148404,880.713325520951
1743429015007.0,227.47189456752736,904.0691859438255
1743429015070.0,197.62994642466188,900.8851038246193
1743429015132.0,245.0117056493227,742.7563536621972
1743429015193.0,262.3733275195492,660.5101372251327
1743429015255.0,302.4420928225429,630.5142826039458
1743429015316.0,296.58351737221585,595.1353108596106
1743429015378.0,323.7858956165051,594.3823489735506
1743429015439.0,364.3935645943121,512.1347383942604
1743429015500.0,381.9988463890141,481.50215950608083
1743429015561.0,385.2646732095717,422.89909629458805
1743429015623.0,400.87121431404734,348.0102062361205
1743429015686.0,345.2294888359401,415.91741390132586
1743429015747.0,350.146284884453,354.56018367314596
1743429015809.0,318.4530624859066,383.2071599480331
1743429015873.0,323.1230404161329,366.7113097515214
1743429015935.0,292.5489316436876,394.5563017424416
1743429015998.0,173.79230173330632,548.4419066526738
1743429016058.0,122.94894747901134,542.9696503812388
1743429016121.0,101.12794520727454,589.4529925346287
1743429016183.0,161.769902815862,556.319803471648
1743429016244.0,306.8168758438601,596.193785988217
1743429016307.0,316.1635410084973,797.8617416130277
1743429016370.0,399.58477326328307,872.688698733121
1743429016432.0,440.7855522772307,879.4033008471035
1743429016496.0,399.32273890132626,900.1378089848536
1743429016557.0,403.46522360415634,918.5344194084574
1743429016620.0,460.5799897948385,907.5255651176113
1743429016682.0,400.36963396263275,932.555828618905
1743429016744.0,434.92587816760783,886.9139261581004
1743429016806.0,482.82066169670236,795.8917379277558
1743429016867.0,501.2916965332163,717.7744184114189
1743429016929.0,443.62402282742676,731.7421144583706
1743429016991.0,366.227784448664,788.4041348021342
1743429017053.0,332.74288010191003,850.2976699222968
1743429017115.0,365.4787354003013,787.8199712334653
1743429017176.0,311.27365499081753,823.0078384034806
1743429017238.0,285.28582767080917,914.7165678940592
1743429017300.0,263.19441157541127,754.9802756963088
1743429017362.0,223.19543192582591,791.7276309695565
1743429017424.0,313.6328774593593,698.0506576871167
1743429017486.0,423.5057649773345,656.8364685943716
1743429017549.0,517.6891602808314,542.6885355577634
1743429017611.0,573.3422361881121,488.93745549248223
1743429017674.0,543.0737530114111,550.9428743360797
1743429017737.0,587.4129905660661,530.5704722818238
1743429017799.0,573.4630631849002,596.5790979758222
1743429017861.0,580.5094860297544,612.9796561313364
1743429017922.0,543.7763498781042,631.7887851989451
1743429017985.0,494.63690968693123,624.2203995931596
1743429018046.0,477.22093074394263,589.1208169609245
1743429018109.0,475.7208045576378,632.8004501153425
1743429018171.0,422.8817949271475,656.3284767570278
1743429018232.0,387.89316041752994,640.1434884777045
1743429018294.0,339.6227664671373,642.1567976522268
1743429018355.0,294.0971952980357,614.4424929566043
1743429018416.0,250.44391002487487,588.1366594686568
1743429018478.0,214.59088978221138,581.0525887259287
1743429018540.0,222.62283457622868,600.9066288665535
1743429018603.0,223.63218109877025,615.6615450680644
1743429018665.0,247.12103129863732,622.2287179272814
1743429018728.0,231.74690523700676,645.3567273771062
1743429018789.0,288.622257577192,553.4188117861156
1743429018852.0,245.48202289256307,644.6467396429742
1743429018913.0,239.41606939580672,767.5787875727207
1743429018976.0,161.13009223819105,734.8899910574874
1743429019038.0,100.45388884421766,848.4882068285826
1743429019102.0,97.02739614446315,881.4035562007914
1743429019165.0,82.78102132405398,932.7805245634809
1743429019226.0,58.70932181751187,928.080524606103
1743429019290.0,54.424512988977625,1067.1952306443986
1743429019352.0,86.12425664450056,1085.799613156368
1743429019414.0,169.0659857835057,1110.7826796377371
1743429019476.0,181.3879618336364,1085.615533862493
1743429019538.0,204.32463546661984,1114.1335573924932
1743429019601.0,256.2837709648927,1156.1204828047048
1743429019663.0,276.0709883433781,1133.918778490113
1743429019726.0,315.6512463313909,1098.5393891047338
1743429019788.0,415.9314251844568,1108.5995359891695
1743429019849.0,379.21327807757183,1119.2707525666383
1743429019912.0,436.6545492870171,1114.0362695866816
1743429019975.0,351.24770334850297,1213.3630907712925
1743429020035.0,444.51335976426714,1107.1766911612242
1743429020096.0,577.7042170421903,1061.118343328594
1743429020157.0,680.6006409231466,866.3179167369598
1743429020219.0,784.1308255555065,750.3315650889965
1743429020280.0,822.2088938752623,596.224775702922
1743429020342.0,770.2175992063238,518.4331603108004
1743429020403.0,718.6662025682898,347.7055348691521
1743429020465.0,725.0322892170001,304.2271571741254
1743429020526.0,615.4289777430839,177.83192945114658
1743429020588.0,658.8071944723813,200.17895789292734
1743429020652.0,636.588464107214,261.90251436622566
1743429020714.0,466.3001023804909,265.81302326376044
1743429020777.0,453.0586549845256,318.1229654988089
1743429020844.0,412.4199903226283,382.44401194924563
1743429020907.0,357.49049644756826,442.3353257577493
1743429020970.0,440.1852087175158,454.8013375583807
1743429021031.0,493.03727156142986,439.0842296000338
1743429021092.0,324.95399292407535,497.8511049570577
1743429021152.0,409.4945786646656,414.23847014558487
1743429021214.0,434.9468629289531,488.881091138681
1743429021275.0,490.98193543319616,457.2369755566582
1743429021338.0,434.47820061604557,524.1476954347947
1743429021400.0,490.91905746576253,544.6113305518887
1743429021462.0,515.8922288475118,554.0393384953973
1743429021525.0,521.4521262459024,596.3155933314806
1743429021587.0,543.1381648448134,567.1013639051181
1743429021649.0,546.6346523386441,653.2602994528282
1743429021710.0,509.82121582904887,684.6299347390159
1743429021772.0,498.7767017651808,690.3707595249266
1743429021834.0,455.7038958906946,691.9464219091758
1743429021896.0,462.3053597781661,693.6681506092453
1743429021959.0,474.4309891625463,785.3362586291745
1743429022022.0,517.9841420862651,931.4804501484346
1743429022083.0,480.13610830896465,979.4684309700468
1743429022146.0,388.5440690465496,1017.1065399658137
1743429022209.0,367.408227454699,999.8254683857197
1743429022272.0,301.94930978472246,991.4719123859163
1743429022335.0,269.577278682546,982.0607346270926
1743429022398.0,275.84923514751324,998.1287304033301
1743429022460.0,260.6797017917005,990.6902277376993
1743429022524.0,292.70940879219387,1012.0594708283495
1743429022586.0,249.61620492081965,968.1119750557441
1743429022650.0,205.91423746616925,1015.6592605746056
1743429022712.0,96.79500926266884,1147.5247647029153
1743429022774.0,188.75832003251298,1189.442688704914
1743429022836.0,270.731783015076,1027.0190129198472
1743429022898.0,386.5746279696811,854.5659720843697
1743429022960.0,406.81905849170295,883.1467472931447
1743429023022.0,356.65760956659926,775.4607853464738
1743429023085.0,436.348790344211,759.9268601154272
1743429023147.0,529.1649599281072,782.4216168842968
1743429023209.0,517.279859568922,703.2727080664226
1743429023270.0,502.28686326849754,701.2460433325542
1743429023333.0,536.6541964888797,669.7350195577894
1743429023395.0,565.996969287491,629.2003346336642
1743429023457.0,521.6885744169516,671.9324257516532
1743429023519.0,515.903581934763,670.0173138811112
1743429023580.0,718.0287251248103,533.1623187401648
1743429023644.0,680.255371163031,489.6752196767662
1743429023707.0,648.84946844833,461.92960819401725
1743429023769.0,582.78945656999,524.161592574943
1743429023832.0,492.70373337020703,538.7020682859581
1743429023894.0,411.358600707578,591.4259463388331
1743429023957.0,306.8639010481286,675.2512770143269
1743429024020.0,227.6192491627358,751.1440122577598
1743429024082.0,135.93342260531213,840.2681475036292
1743429024143.0,106.43043051738574,849.7402806784435
1743429024205.0,119.14710219155197,806.8106560357403
1743429024267.0,218.74234022798674,756.8475450587061
1743429024330.0,236.27102188543608,761.4985729714293
1743429024393.0,180.95199305889946,740.4134504420535
1743429024456.0,250.54089692018442,694.8605237771467
1743429024518.0,209.57156906827123,736.5364231896858
1743429024580.0,251.90597121878895,724.135205531158
1743429024644.0,249.46946059053872,680.6732189648952
1743429024707.0,316.9699203138236,676.2181589626925
1743429024770.0,257.31958200598194,707.74578450168
1743429024833.0,228.6909925868489,654.3991552931983
1743429024894.0,387.76390057326813,598.1406977942079
1743429024956.0,498.5163008230261,605.9909637568437
1743429025019.0,508.3443110710941,602.926429534841
1743429025081.0,622.6736480285361,643.0501253015085
1743429025141.0,740.9058151951122,643.5679717680822
1743429025205.0,852.3823327662791,533.6534488822485
1743429025271.0,845.0739548245947,658.2677341153468
1743429025337.0,771.6706060966337,715.5330884336179
1743429025400.0,1066.9997848046146,569.9536744408066
1743429025463.0,1115.1882883508197,434.22939775579545
1743429025525.0,1018.7295599740296,318.95729186951354
1743429025587.0,998.8995851730325,378.0969862807319
1743429025653.0,917.7177282519073,247.72363441758898
1743429025729.0,813.4668830870986,323.01580606395333
1743429025794.0,532.6926657815205,274.4029929617288
1743429025857.0,455.6708886921092,165.5565225715032
1743429025921.0,327.56984082443387,126.54962679966108
1743429025985.0,246.90562751638288,14.2550512636778
1743429026048.0,343.7438826072713,-76.88718200901947
1743429026111.0,213.08907042552198,217.31473990091632
1743429026173.0,175.53658689209496,453.44491873736513
1743429026243.0,96.18261465541934,663.8273543752567
1743429026306.0,104.30074184950391,697.757224242175
1743429026369.0,16.35016175906778,808.4659523305219
1743429026431.0,-110.62975363652998,759.7820215697107
1743429026493.0,-42.892487189547865,502.16542376223657
1743429026556.0,20.729281504225497,456.98291232074394
1743429026617.0,75.23017247223099,647.786221525673
1743429026679.0,302.06343397847576,799.9650340007979
1743429026741.0,338.4730160195101,639.8506875295488
1743429026802.0,386.62858082851756,425.6551574880376
1743429026864.0,393.22144110481963,563.3466427339555
1743429026926.0,411.96867725765986,469.8161480372233
